<?xml version="1.0" encoding="UTF-8" ?>
<xml>
<xsd:schema xmlns:xsd="http://www.w3.org/2001/XMLSchema" xmlns:sql="http://www.radiantlogic.com/schemas" >
<xsd:annotation>
<xsd:documentation xml:lang="en">
This schema is generated by RadiantLogic XML tool.
</xsd:documentation>
</xsd:annotation>
<xsd:element name="wrap" type="wrapType" />
<xsd:complexType name="wrapType">
<xsd:sequence>
<xsd:element name="record" type="recordType" minOccurs="0" maxOccurs="unbounded" />
</xsd:sequence>
</xsd:complexType>
<xsd:complexType name="recordType">
<xsd:sequence>
<xsd:element name="DBMSName" sql:field="DBMS Name" type="xsd:string" />
<xsd:element name="pageresultcontrol" type="xsd:string" />
<xsd:element name="active" type="xsd:string" />
<xsd:element name="errorCode" type="xsd:string" />
<xsd:element name="failoverurl" type="xsd:string" />
<xsd:element name="label" type="xsd:string" />
<xsd:element name="kerberos" type="xsd:string" />
<xsd:element name="rolemappings" type="xsd:string" />
<xsd:element name="ssl" type="xsd:string" />
<xsd:element name="data_source" type="xsd:string" />
<xsd:element name="binddn" type="xsd:string" />
<xsd:element name="disablereferalchasing" type="xsd:string" />
<xsd:element name="bindpw" type="xsd:string" />
<xsd:element name="pagesize" type="xsd:string" />
<xsd:element name="ldapurl" type="xsd:string" />
<xsd:element name="id" type="xsd:string" />
<xsd:element name="basedn" type="xsd:string" />
<xsd:element name="verifyhostname" type="xsd:string" />
<xsd:element name="backendstatus" type="xsd:string" />
<xsd:element name="status" type="xsd:string" />
</xsd:sequence>
<xsd:attribute name="recordID" type="xsd:string" />
</xsd:complexType>
</xsd:schema>
<wrap>
<record recordID="1">
<DBMSName>{AES}7TNlvK/KjWWkjPvvDqzMpqBgikTAYU0K3rjKIbjX9|30KK26iZDhW5eJ5OjYX0msz1GYcxVf/</DBMSName>
<active>true</active>
<backendstatus>on</backendstatus>
<basedn>{AES}HmJszdDSnbVM/fzsfMvGaHOpZNvpP8ypHjZapVD0iYUNFYoosUV5j9XHBpTI7xpR|tLYNWm3/</basedn>
<binddn>{AES}WXKMQvQiQbncKCXAouLKi6GKJ1yw4kogn+ZtbYgcjoIu/KwAalE4tHN5ITVbwxAtY3KHoAdpshOwJExOCc6leJR3JbXTPkK9d8Eac1f|Y5Z7ipqySXP8=</binddn>
<bindpw>{AES}ggbXrW4GiCrRtwW6FXp9GkVunBpafLhJKuvqtNcVj4BI32LWvtTqie9jCTdgFPGLibH3P0|5U/fbjGx5UxoqKlOCIGoRL/w==</bindpw>
<data_source>LDAP</data_source>
<disablereferalchasing>true</disablereferalchasing>
<errorCode>0</errorCode>
<failoverurl>{AES}68gEZwuze7fUhnzrgm9q2wTvHEmOXkK7+/haP69vYK7DMgkcAZoAsCwHijfjRklpPwiJl6XkkV1bD5VtyHM08m5j4ZpIBWve6YZ8+r3i|KXioQ/4KOf8=</failoverurl>
<id>cfsstg_oncoupangstg_net</id>
<kerberos>false</kerberos>
<label>cfsstg_oncoupangstg_net</label>
<ldapurl>{AES}MRJI5xevGj5GcJZt3Il/kEflNPyfcV4W6ieQGRY/Hp1UEI5/RPhhMWA06Th4GOhPHc+rT/2hrbJ8vnFa+q|eKnr79f5mczBx41027A2C3q3TdHdT7YP8=</ldapurl>
<pageresultcontrol>true</pageresultcontrol>
<pagesize>600</pagesize>
<rolemappings></rolemappings>
<ssl>true</ssl>
<status>OK</status>
<verifyhostname>false</verifyhostname>
</record>
</wrap>
</xml>