<?xml version="1.0" encoding="UTF-8" ?>
<xml>
<xsd:schema xmlns:xsd="http://www.w3.org/2001/XMLSchema" xmlns:sql="http://www.radiantlogic.com/schemas" >
<xsd:annotation>
<xsd:documentation xml:lang="en">
This schema is generated by RadiantLogic XML tool.
</xsd:documentation>
</xsd:annotation>
<xsd:element name="wrap" type="wrapType" />
<xsd:complexType name="wrapType">
<xsd:sequence>
<xsd:element name="record" type="recordType" minOccurs="0" maxOccurs="unbounded" />
</xsd:sequence>
</xsd:complexType>
<xsd:complexType name="recordType">
<xsd:sequence>
<xsd:element name="DBMSName" sql:field="DBMS Name" type="xsd:string" />
<xsd:element name="pageresultcontrol" type="xsd:string" />
<xsd:element name="active" type="xsd:string" />
<xsd:element name="errorCode" type="xsd:string" />
<xsd:element name="failoverurl" type="xsd:string" />
<xsd:element name="label" type="xsd:string" />
<xsd:element name="kerberos" type="xsd:string" />
<xsd:element name="rolemappings" type="xsd:string" />
<xsd:element name="ssl" type="xsd:string" />
<xsd:element name="data_source" type="xsd:string" />
<xsd:element name="binddn" type="xsd:string" />
<xsd:element name="disablereferalchasing" type="xsd:string" />
<xsd:element name="bindpw" type="xsd:string" />
<xsd:element name="pagesize" type="xsd:string" />
<xsd:element name="ldapurl" type="xsd:string" />
<xsd:element name="id" type="xsd:string" />
<xsd:element name="basedn" type="xsd:string" />
<xsd:element name="verifyhostname" type="xsd:string" />
<xsd:element name="backendstatus" type="xsd:string" />
<xsd:element name="status" type="xsd:string" />
</xsd:sequence>
<xsd:attribute name="recordID" type="xsd:string" />
</xsd:complexType>
</xsd:schema>
<wrap>
<record recordID="1">
<DBMSName>{AES}AXE|hDrcv/+uVxTteH4S6jRDU5IwRewzNdfy8GdHyCymqZZgMgTD/8lwqCX2/ccAOnRcC5Sr/</DBMSName>
<active>true</active>
<backendstatus>on</backendstatus>
<basedn>{AES}MgbweJ3T+o6cK1xYixa2V3Uq+P30g7dyGKeTCdDGYYinNIDF3i3LVAfrhJ|sgj1whQ7BM7XL/</basedn>
<binddn>{AES}C5pS4QiXEcB+NegKQBOyqTzkYLjDXGq+59W4eAgYusq|nM5atByJvRMVh3UxwmQJJhBuSjJnvofoHT5/+WR5RzIKqsBtMeP+QaVQdLElOD2sbm5lh+CfJf1wfhc3Qms+6ftGpp5FInw2bWtPvX9wPf9KpDFOdHqdv+6DsBvJnAz4YRGs2dv8=</binddn>
<bindpw>{AES}38bSK1CTeUkRU9cFluAyRLusRFt7cIw0962FqqSNOA73Sc2orRHSsfGK+f4vFi0v7SF|jGqMZJ2BydF3u/mXRqIu5I90Q/w==</bindpw>
<data_source>LDAP</data_source>
<disablereferalchasing>true</disablereferalchasing>
<errorCode>0</errorCode>
<failoverurl>{AES}WaWVeAJzHVLmJbCQQRz1s6GYs28NeeHdFJHOM4P9LZNNeqXDzpgDtwR6G9C|vxKOKCTGpBeoc4pEwTwuzkzJZ2ALCpXvHnubrBhLyFpaUpybHF5s0oWYGUZrMzrCj4SttX8eqNhD/</failoverurl>
<id>corpstg_oncoupangstg_net</id>
<kerberos>false</kerberos>
<label>corpstg_oncoupangstg_net</label>
<ldapurl>{AES}TRHSASkRID7Gs/AIdABBE36A1vFLq38H7ssWANoLSQ2OwQk3zE9QHhYuN0VK6lsffjl+yNRRrN6wZ9w7LnCzZWv2q+is2Ue|4hvhfLtCig9p1zU9d880qgUs5QeMDf/+LabvFYgT/</ldapurl>
<pageresultcontrol>true</pageresultcontrol>
<pagesize>600</pagesize>
<rolemappings></rolemappings>
<ssl>true</ssl>
<status>OK</status>
<verifyhostname>false</verifyhostname>
</record>
</wrap>
</xml>