<?xml version="1.0" encoding="UTF-8" ?>
<xml>
<xsd:schema xmlns:xsd="http://www.w3.org/2001/XMLSchema" xmlns:sql="http://www.radiantlogic.com/schemas" >
<xsd:annotation>
<xsd:documentation xml:lang="en">
This schema is generated by RadiantLogic XML tool.
</xsd:documentation>
</xsd:annotation>
<xsd:element name="wrap" type="wrapType" />
<xsd:complexType name="wrapType">
<xsd:sequence>
<xsd:element name="record" type="recordType" minOccurs="0" maxOccurs="unbounded" />
</xsd:sequence>
</xsd:complexType>
<xsd:complexType name="recordType">
<xsd:sequence>
<xsd:element name="DBMSName" sql:field="DBMS Name" type="xsd:string" />
<xsd:element name="pageresultcontrol" type="xsd:string" />
<xsd:element name="active" type="xsd:string" />
<xsd:element name="errorCode" type="xsd:string" />
<xsd:element name="failoverurl" type="xsd:string" />
<xsd:element name="label" type="xsd:string" />
<xsd:element name="kerberos" type="xsd:string" />
<xsd:element name="rolemappings" type="xsd:string" />
<xsd:element name="ssl" type="xsd:string" />
<xsd:element name="data_source" type="xsd:string" />
<xsd:element name="binddn" type="xsd:string" />
<xsd:element name="disablereferalchasing" type="xsd:string" />
<xsd:element name="bindpw" type="xsd:string" />
<xsd:element name="pagesize" type="xsd:string" />
<xsd:element name="ldapurl" type="xsd:string" />
<xsd:element name="id" type="xsd:string" />
<xsd:element name="basedn" type="xsd:string" />
<xsd:element name="verifyhostname" type="xsd:string" />
<xsd:element name="backendstatus" type="xsd:string" />
<xsd:element name="status" type="xsd:string" />
</xsd:sequence>
<xsd:attribute name="recordID" type="xsd:string" />
</xsd:complexType>
</xsd:schema>
<wrap>
<record recordID="1">
<DBMSName>{AES}MbY5edj0X9IKrGUCW3+IQ2xHteDF7qBeAcCIuR3DJs1ROqffu6|sLxMjhKD6Z1IF4G//bzC//</DBMSName>
<active>true</active>
<backendstatus>on</backendstatus>
<basedn>{AES}YToBXBEsUZNZ7KYOPvS|bq2G+8giG4O0AireBLe8YXV45VqxBBEIYBVvzEYwVts15cM/DP3v/</basedn>
<binddn>{AES}/RnOYf6cFb+qqav6Um8SCff2Hm3wMwmwRJoKaK4g/lIDneHP9Xd6t0vZRtKlSlb+DGWj2WPocrn8bj9vc7yO2vKMnslrnKZjDrJdElyAPyN2+E|e7Ef8=</binddn>
<bindpw>{AES}ogQHlyZJEgsVAzdVLnDhyldT5SKN8e2+hrzNFttLG8nhV2I7ybISFKoS2A2|CZOwnFPCW7eZ5RSwzlXXxlA1NApIJ87VD/w==</bindpw>
<data_source>LDAP</data_source>
<disablereferalchasing>true</disablereferalchasing>
<errorCode>0</errorCode>
<failoverurl>{AES}D8ra+aBty76wCrV1|TVGqNsa3UUldKpXOzhJSAYeNgzDlCiq8Xi36O0kBBBtQ/E2XegSxwUD/</failoverurl>
<id>cplbstg_oncoupangstg_net</id>
<kerberos>false</kerberos>
<label>cplbstg_oncoupangstg_net</label>
<ldapurl>{AES}EISO2BJRqVpBH+Dmg23mYpYIkb3dAMMRz0nwhLZbhhISVMcZhxF2Iz26scgwXcEh01XIqCQgBTJCuolqFSsy2|2ouG0tq9K1CAIE0OyyxwLvimA4QRSRD3EvYn51hXD2mQlTr1Xb/</ldapurl>
<pageresultcontrol>true</pageresultcontrol>
<pagesize>600</pagesize>
<rolemappings></rolemappings>
<ssl>true</ssl>
<status>OK</status>
<verifyhostname>false</verifyhostname>
</record>
</wrap>
</xml>