<?xml version="1.0" encoding="UTF-8" ?>
<xml>
<xsd:schema xmlns:xsd="http://www.w3.org/2001/XMLSchema" xmlns:sql="http://www.radiantlogic.com/schemas" >
<xsd:annotation>
<xsd:documentation xml:lang="en">
This schema is generated by RadiantLogic XML tool.
</xsd:documentation>
</xsd:annotation>
<xsd:element name="wrap" type="wrapType" />
<xsd:complexType name="wrapType">
<xsd:sequence>
<xsd:element name="record" type="recordType" minOccurs="0" maxOccurs="unbounded" />
</xsd:sequence>
</xsd:complexType>
<xsd:complexType name="recordType">
<xsd:sequence>
<xsd:element name="datasource" sql:field="data source" type="xsd:string" />
<xsd:element name="active" type="xsd:string" />
<xsd:element name="errorCode" type="xsd:string" />
<xsd:element name="label" type="xsd:string" />
<xsd:element name="data_source" type="xsd:string" />
<xsd:element name="url" type="xsd:string" />
<xsd:element name="password" type="xsd:string" />
<xsd:element name="jdbcusername" type="xsd:string" />
<xsd:element name="classname" type="xsd:string" />
<xsd:element name="dbname" type="xsd:string" />
<xsd:element name="jdbcpassword" type="xsd:string" />
<xsd:element name="jdbcurl" type="xsd:string" />
<xsd:element name="id" type="xsd:string" />
<xsd:element name="errorcode" type="xsd:string" />
<xsd:element name="jdbcdriver" type="xsd:string" />
<xsd:element name="status" type="xsd:string" />
<xsd:element name="username" type="xsd:string" />
</xsd:sequence>
<xsd:attribute name="recordID" type="xsd:string" />
</xsd:complexType>
</xsd:schema>
<wrap>
<record recordID="1">
<active>false</active>
<classname>com.rli.scripts.customobjects.epic</classname>
<datasource>XML</datasource>
<data_source>XML</data_source>
<dbname>Caboodle_v15</dbname>
<errorCode>0</errorCode>
<errorcode>0</errorcode>
<id>epic</id>
<jdbcdriver>com.microsoft.sqlserver.jdbc.SQLServerDriver</jdbcdriver>
<jdbcpassword>{AES}QKs80f|W4/esj8xPQleoQbJkEXoHXFRz5pcDgV9e59yEau78dDXvAGmd1vpbgbmstbpQaUT74F4iPK1vdFU3oV+ogcE9t/w==</jdbcpassword>
<jdbcurl>jdbc:sqlserver://hostname:1433</jdbcurl>
<jdbcusername>[jdbcusername]</jdbcusername>
<label>epic</label>
<password>{AES}JqBo7WWOejxvhU|oXU36dzWqbnfm0N8irK+4/1xF6ws8HLtEQL+/SgobDuGRVx++D+P2aGQ7/</password>
<status>OK</status>
<url>https://hostname/ep</url>
<username>[username]</username>
</record>
</wrap>
</xml>