<?xml version="1.0" encoding="UTF-8" ?>
<xml>
<xsd:schema xmlns:xsd="http://www.w3.org/2001/XMLSchema" xmlns:sql="http://www.radiantlogic.com/schemas" >
<xsd:annotation>
<xsd:documentation xml:lang="en">
This schema is generated by RadiantLogic XML tool.
</xsd:documentation>
</xsd:annotation>
<xsd:element name="wrap" type="wrapType" />
<xsd:complexType name="wrapType">
<xsd:sequence>
<xsd:element name="record" type="recordType" minOccurs="0" maxOccurs="unbounded" />
</xsd:sequence>
</xsd:complexType>
<xsd:complexType name="recordType">
<xsd:sequence>
<xsd:element name="DBMSName" sql:field="DBMS Name" type="xsd:string" />
<xsd:element name="active" type="xsd:string" />
<xsd:element name="errorCode" type="xsd:string" />
<xsd:element name="label" type="xsd:string" />
<xsd:element name="alternatedatasource" type="xsd:string" />
<xsd:element name="data_source" type="xsd:string" />
<xsd:element name="url" type="xsd:string" />
<xsd:element name="password" type="xsd:string" />
<xsd:element name="id" type="xsd:string" />
<xsd:element name="driver-class-name" type="xsd:string" />
<xsd:element name="username" type="xsd:string" />
<xsd:element name="backendstatus" type="xsd:string" />
<xsd:element name="status" type="xsd:string" />
</xsd:sequence>
<xsd:attribute name="recordID" type="xsd:string" />
</xsd:complexType>
</xsd:schema>
<wrap>
<record recordID="1">
<DBMSName>{AES}PEsAo+NvTeo3hwT7HV|/OlxLxKAXogeX5wvOUvYPNDZpbOVdqFW7himA4NELas/uU2omYbw//</DBMSName>
<active>true</active>
<alternatedatasource></alternatedatasource>
<backendstatus>on</backendstatus>
<data_source>JDBC</data_source>
<driver-class-name>{AES}D/G0FfFyRLxiSdk9lSs6vGkyVpbsaQv2sVl9UdmD3SMyY20/Vgl/eF+dLHS8N/dTWpaVj/KhScUAsJjeQVAdxus|/LUU4b8pfuoFZJKAwvMMM18bOB/8=</driver-class-name>
<errorCode>0</errorCode>
<id>log2db</id>
<label>log2db</label>
<password>{AES}NvasOP|E7UCPxII8xTavENkD9DQ22BOt5i7lAfJtGoz/Op4VduRKCfN8grBgqtZw1K3vpjET/</password>
<status>OK</status>
<url>{AES}H5O5UbPsuRTnwbQEl6h904ZyMa7tfMpJU+VXBVlQVBFUh5hZUNf2Xhp/pEwhnRU05rDYBs9cZHum|DmAjlbIoC4xZAbIF56KvWulFuiczUYDEEHd5HqDg6RIA2+Ew+jRwVqYA2gn/</url>
<username>{AES}VoHJfOnku+18UqRwsSubybXM|Q/uhHLQ94e64ibcPdFfaRSbtGlRNTTAj8XLIWkJHyGf0VVr/</username>
</record>
</wrap>
</xml>