<?xml version="1.0" encoding="UTF-8" ?>
<xml>
<xsd:schema xmlns:xsd="http://www.w3.org/2001/XMLSchema" xmlns:sql="http://www.radiantlogic.com/schemas" >
<xsd:annotation>
<xsd:documentation xml:lang="en">
This schema is generated by RadiantLogic XML tool.
</xsd:documentation>
</xsd:annotation>
<xsd:element name="wrap" type="wrapType" />
<xsd:complexType name="wrapType">
<xsd:sequence>
<xsd:element name="record" type="recordType" minOccurs="0" maxOccurs="unbounded" />
</xsd:sequence>
</xsd:complexType>
<xsd:complexType name="recordType">
<xsd:sequence>
<xsd:element name="DBMSName" sql:field="DBMS Name" type="xsd:string" />
<xsd:element name="pageresultcontrol" type="xsd:string" />
<xsd:element name="active" type="xsd:string" />
<xsd:element name="errorCode" type="xsd:string" />
<xsd:element name="failoverurl" type="xsd:string" />
<xsd:element name="label" type="xsd:string" />
<xsd:element name="kerberos" type="xsd:string" />
<xsd:element name="rolemappings" type="xsd:string" />
<xsd:element name="ssl" type="xsd:string" />
<xsd:element name="data_source" type="xsd:string" />
<xsd:element name="binddn" type="xsd:string" />
<xsd:element name="disablereferalchasing" type="xsd:string" />
<xsd:element name="bindpw" type="xsd:string" />
<xsd:element name="pagesize" type="xsd:string" />
<xsd:element name="ldapurl" type="xsd:string" />
<xsd:element name="id" type="xsd:string" />
<xsd:element name="basedn" type="xsd:string" />
<xsd:element name="verifyhostname" type="xsd:string" />
<xsd:element name="backendstatus" type="xsd:string" />
<xsd:element name="status" type="xsd:string" />
</xsd:sequence>
<xsd:attribute name="recordID" type="xsd:string" />
</xsd:complexType>
</xsd:schema>
<wrap>
<record recordID="1">
<DBMSName>{AES}ISZ+9WetMfEisC2FAdZackbEt98Jak|Zr82Ihw+OjJzEbjpmtySdhCycvr5JaN3BbruE3mRP/</DBMSName>
<active>true</active>
<backendstatus>on</backendstatus>
<basedn>{AES}WmeSZRzNUFzv/TDg+5MHg5rVIEhxipHnx7INz5qqJNbHlpMPn/czm4dm/fXBTjH0D|T2tYXL/</basedn>
<binddn>{AES}4fWjyEeLqx8J1CW3jgS8z9s9nBqyIR|SYsnPAEKuK1RN25tMpzVJ8rskvboZmUrwNzLWOzbh4gGqbnCHF34V3db3HtOjl6A9iIT6F5FmnBtjOUfCoPv8=</binddn>
<bindpw>{AES}A5dGIt4gdqucBn542npRdQL3li4ZF6bePWi1KZ0iKxXxoAreHc9X2W|umdN+N0caPH01C/dInehN24uwB38OGoFTSdrdj/w==</bindpw>
<data_source>LDAP</data_source>
<disablereferalchasing>true</disablereferalchasing>
<errorCode>0</errorCode>
<failoverurl>{AES}ZOi3elK7aqiA04v7Ga7lLPYsiifCU9ne0D|BJbZsBPByb5sioratO+TLj+6XFehzAJi+ruBH/</failoverurl>
<id>partners_oncoupangstg_net</id>
<kerberos>false</kerberos>
<label>partners_oncoupangstg_net</label>
<ldapurl>{AES}iIa1gruYMNI0e3UsS7bQ91dltn+F/H9OfUCLKSuKvcu36sPjIT60vd11y2wBpubJi1MwvyFhGQifyyg4DIHd+vqn8KRGu|XN4kmpaFfoQyoPmCHobk7hm3UHjMaTNA0bYda50vnH/</ldapurl>
<pageresultcontrol>true</pageresultcontrol>
<pagesize>600</pagesize>
<rolemappings></rolemappings>
<ssl>true</ssl>
<status>OK</status>
<verifyhostname>false</verifyhostname>
</record>
</wrap>
</xml>