<?xml version="1.0" encoding="UTF-8" ?>
<xml>
<xsd:schema xmlns:xsd="http://www.w3.org/2001/XMLSchema" xmlns:sql="http://www.radiantlogic.com/schemas" >
<xsd:annotation>
<xsd:documentation xml:lang="en">
This schema is generated by RadiantLogic XML tool.
</xsd:documentation>
</xsd:annotation>
<xsd:element name="wrap" type="wrapType" />
<xsd:complexType name="wrapType">
<xsd:sequence>
<xsd:element name="record" type="recordType" minOccurs="0" maxOccurs="unbounded" />
</xsd:sequence>
</xsd:complexType>
<xsd:complexType name="recordType">
<xsd:sequence>
<xsd:element name="DBMSName" sql:field="DBMS Name" type="xsd:string" />
<xsd:element name="pageresultcontrol" type="xsd:string" />
<xsd:element name="active" type="xsd:string" />
<xsd:element name="errorCode" type="xsd:string" />
<xsd:element name="failoverurl" type="xsd:string" />
<xsd:element name="label" type="xsd:string" />
<xsd:element name="kerberos" type="xsd:string" />
<xsd:element name="rolemappings" type="xsd:string" />
<xsd:element name="ssl" type="xsd:string" />
<xsd:element name="data_source" type="xsd:string" />
<xsd:element name="binddn" type="xsd:string" />
<xsd:element name="disablereferalchasing" type="xsd:string" />
<xsd:element name="bindpw" type="xsd:string" />
<xsd:element name="pagesize" type="xsd:string" />
<xsd:element name="ldapurl" type="xsd:string" />
<xsd:element name="id" type="xsd:string" />
<xsd:element name="basedn" type="xsd:string" />
<xsd:element name="verifyhostname" type="xsd:string" />
<xsd:element name="backendstatus" type="xsd:string" />
<xsd:element name="status" type="xsd:string" />
</xsd:sequence>
<xsd:attribute name="recordID" type="xsd:string" />
</xsd:complexType>
</xsd:schema>
<wrap>
<record recordID="1">
<DBMSName>{AES}jC9u+yAEm8gWtsX4uTxHg2YnA|3q4YwoIXw+fnCV0vyz4EhjAnwpkgnbrbubS6PFeRjyUPGb/</DBMSName>
<active>true</active>
<backendstatus>on</backendstatus>
<basedn>{AES}A9NtB8Olo7wtz3MORM00Q7cmyGWKUxe1uD3Qcvms6h9PbPHBUhO8uohKPlq2Gvcl6i12v0|L/</basedn>
<binddn>{AES}Ftp0Lt4k4E2tlxDNMyJ9LttGQ4PS42n9Ml9sQNtKln20u7CSGhmsH2ePJf2CCRZ/AI8/UW2UaXQMMbvnOSMO+Ajzj6g+/w=|=</binddn>
<bindpw>{AES}TDSZLRyXtLWYY|MaBrZGuqht/Nv+XatjCyeyQZoMMCiDM5fHmB/yp7MTmwPycGrf1k4iHVEv/</bindpw>
<data_source>LDAP</data_source>
<disablereferalchasing>true</disablereferalchasing>
<errorCode>0</errorCode>
<failoverurl>{AES}UHcNJgymoUinzPCA|OQwJT5InM3liH3/K0hHqXQntNa3na/UY433SKwffotF2T6Cp+7OzJnP/</failoverurl>
<id>replicationjournal</id>
<kerberos>false</kerberos>
<label>replicationjournal</label>
<ldapurl>{AES}fVEaJNpdbirLc9yvTTj4XPOkFmFdzVKo8Vl8Wgt4YIymYyijbNkKEplovdrYNtsX0V0WiECrh/EUD5pEnysJBbhqUstspmyNV+D9kgzJUl1WyXSekZk+6nm|VlmQYCWnwKdjdzH3/</ldapurl>
<pageresultcontrol>false</pageresultcontrol>
<pagesize>0</pagesize>
<rolemappings></rolemappings>
<ssl>false</ssl>
<status>OK</status>
<verifyhostname>false</verifyhostname>
</record>
</wrap>
</xml>