<?xml version="1.0" encoding="UTF-8" ?>
<xml>
<xsd:schema xmlns:xsd="http://www.w3.org/2001/XMLSchema" xmlns:sql="http://www.radiantlogic.com/schemas" >
<xsd:annotation>
<xsd:documentation xml:lang="en">
This schema is generated by RadiantLogic XML tool.
</xsd:documentation>
</xsd:annotation>
<xsd:element name="wrap" type="wrapType" />
<xsd:complexType name="wrapType">
<xsd:sequence>
<xsd:element name="record" type="recordType" minOccurs="0" maxOccurs="unbounded" />
</xsd:sequence>
</xsd:complexType>
<xsd:complexType name="recordType">
<xsd:sequence>
<xsd:element name="password" type="xsd:string" />
<xsd:element name="datasource" sql:field="data source" type="xsd:string" />
<xsd:element name="active" type="xsd:string" />
<xsd:element name="errorCode" type="xsd:string" />
<xsd:element name="id" type="xsd:string" />
<xsd:element name="label" type="xsd:string" />
<xsd:element name="data_source" type="xsd:string" />
<xsd:element name="errorcode" type="xsd:string" />
<xsd:element name="url" type="xsd:string" />
<xsd:element name="status" type="xsd:string" />
<xsd:element name="username" type="xsd:string" />
</xsd:sequence>
<xsd:attribute name="recordID" type="xsd:string" />
</xsd:complexType>
</xsd:schema>
<wrap>
<record recordID="1">
<active>false</active>
<datasource>XML</datasource>
<data_source>XML</data_source>
<errorCode>0</errorCode>
<errorcode>0</errorcode>
<id>sharepoint</id>
<label>sharepoint</label>
<password>{AES}CCePfmqWCTsq0eW71AM9X93Yf3zpi9/Rdti+n9JrAC5e5B1D|ikHrK5UP17lLdH38xjyVFA3/</password>
<status>OK</status>
<url>https://10.11.5.112/_vti_bin/userprofileservice.asmx</url>
<username>[username]</username>
</record>
</wrap>
</xml>