<?xml version="1.0" encoding="UTF-8" ?>
<xml>
<xsd:schema xmlns:xsd="http://www.w3.org/2001/XMLSchema" xmlns:sql="http://www.radiantlogic.com/schemas" >
<xsd:annotation>
<xsd:documentation xml:lang="en">
This schema is generated by RadiantLogic XML tool.
</xsd:documentation>
</xsd:annotation>
<xsd:element name="wrap" type="wrapType" />
<xsd:complexType name="wrapType">
<xsd:sequence>
<xsd:element name="record" type="recordType" minOccurs="0" maxOccurs="unbounded" />
</xsd:sequence>
</xsd:complexType>
<xsd:complexType name="recordType">
<xsd:sequence>
<xsd:element name="DBMSName" sql:field="DBMS Name" type="xsd:string" />
<xsd:element name="pageresultcontrol" type="xsd:string" />
<xsd:element name="active" type="xsd:string" />
<xsd:element name="errorCode" type="xsd:string" />
<xsd:element name="failoverurl" type="xsd:string" />
<xsd:element name="label" type="xsd:string" />
<xsd:element name="kerberos" type="xsd:string" />
<xsd:element name="rolemappings" type="xsd:string" />
<xsd:element name="ssl" type="xsd:string" />
<xsd:element name="data_source" type="xsd:string" />
<xsd:element name="binddn" type="xsd:string" />
<xsd:element name="disablereferalchasing" type="xsd:string" />
<xsd:element name="bindpw" type="xsd:string" />
<xsd:element name="pagesize" type="xsd:string" />
<xsd:element name="ldapurl" type="xsd:string" />
<xsd:element name="id" type="xsd:string" />
<xsd:element name="basedn" type="xsd:string" />
<xsd:element name="verifyhostname" type="xsd:string" />
<xsd:element name="backendstatus" type="xsd:string" />
<xsd:element name="status" type="xsd:string" />
</xsd:sequence>
<xsd:attribute name="recordID" type="xsd:string" />
</xsd:complexType>
</xsd:schema>
<wrap>
<record recordID="1">
<DBMSName>{AES}9yLtP4c|Q4aM4pLMzWSRHbKjpXdo3Ol0XXGYZFjCWCbb1hAUxwI1jsvMCAgtm5XieWWtTWFr/</DBMSName>
<active>true</active>
<backendstatus>on</backendstatus>
<basedn>{AES}cRgzbPzSm|mCRPVpqLroVNcvcEntEwUiKk23mRzeS6E6nsbCSmC1yDiYS3BqcgsreLqPT9xf/</basedn>
<binddn>{AES}3osacLurtZH5|WBTDlaJlOl/TrDafsLQpbZXp/y5J7xLs1K/EJ9+bKQi/moZNHKmtx4RetYMG1jljpQLZj3wCjgSvj5ZR/w==</binddn>
<bindpw>{AES}e3cZzQogbKsGw+DvheISc5ANoAA+js9PlMJoqlRLnqTIDWSNZUGO/+JzHlFu/bnp|/36EOVb/</bindpw>
<data_source>LDAP</data_source>
<disablereferalchasing>true</disablereferalchasing>
<errorCode>0</errorCode>
<failoverurl>{AES}ulFJrl+kkyxFMFIcGIIyFJ8q06XgbfS9WsTXCeLggZR7XH|odJDBle/az6eA0RJiJpqwEkHT/</failoverurl>
<id>vdsha</id>
<kerberos>false</kerberos>
<label>vdsha</label>
<ldapurl>{AES}MpzRvk2U8xNBMCfbJ1m7EdxeAlS/DTP8U/jG8A24Ac|MM4Crqrga1CKp3X7fCH0bjtInf5kxUo7Q+77naV0cykOkXIhbYLEkEiPBvdiqCrsOEO9e/WpjCN4HNq0Kquu1LCRelACT/</ldapurl>
<pageresultcontrol>true</pageresultcontrol>
<pagesize>1000</pagesize>
<rolemappings></rolemappings>
<ssl>false</ssl>
<status>OK</status>
<verifyhostname>false</verifyhostname>
</record>
</wrap>
</xml>